Sicevi,3,200,3c542d2d-e1d7-4685-86d3-6b45ea5298f3,1bd37f1a-836e-4ba5-af00-a4d40c4b1c2c
Sicevi M,5,1000,32a7de6b-ff3d-42e2-8334-d23c72330790,1bd37f1a-836e-4ba5-af00-a4d40c4b1c2c
Sicevi AMG,3,300,b9cf1876-7c63-4483-9f03-2ab9dc0a7b0d,1bd37f1a-836e-4ba5-af00-a4d40c4b1c2c
Gume Pilot Sport 4s,15,1500,44d852f9-1653-4ca6-b3df-245a2463de36,2747c6c6-be92-48f2-b7a4-f61a42ba36f8
Gume Pilot Sport 4,13,1000,44d852f9-1653-4ca6-b3df-245a2463de36,2747c6c6-be92-48f2-b7a4-f61a42ba36f8
Carbon Ceramics,6,2000,32a7de6b-ff3d-42e2-8334-d23c72330790,39b75dc7-1a31-4e68-9ab1-b5c2988b267e
Carbon Ceramics,12,2000,b9cf1876-7c63-4483-9f03-2ab9dc0a7b0d,39b75dc7-1a31-4e68-9ab1-b5c2988b267e
Carbon Ceramics,13,3000,44d852f9-1653-4ca6-b3df-245a2463de36,39b75dc7-1a31-4e68-9ab1-b5c2988b267e
Ploƒçice,32,100,3c542d2d-e1d7-4685-86d3-6b45ea5298f3,39b75dc7-1a31-4e68-9ab1-b5c2988b267e
M volan,4,300,32a7de6b-ff3d-42e2-8334-d23c72330790,8af45f2b-6c6f-4b9e-b7ad-54b6f3fe867f
AMG volan,3,200,b9cf1876-7c63-4483-9f03-2ab9dc0a7b0d,8af45f2b-6c6f-4b9e-b7ad-54b6f3fe867f
2-zonska klima,13,150,3c542d2d-e1d7-4685-86d3-6b45ea5298f3,6ca38c1a-ac66-4dad-bdb2-2dfec11e2a22
4-zonska klima,12,250,b9cf1876-7c63-4483-9f03-2ab9dc0a7b0d,6ca38c1a-ac66-4dad-bdb2-2dfec11e2a22
Velika navigacija,7,500,b9cf1876-7c63-4483-9f03-2ab9dc0a7b0d,1bd37f1a-836e-4ba5-af00-a4d40c4b1c2c
Velika navigacija,3,450,32a7de6b-ff3d-42e2-8334-d23c72330790,1bd37f1a-836e-4ba5-af00-a4d40c4b1c2c
Mala navigacija,5,300,3c542d2d-e1d7-4685-86d3-6b45ea5298f3,1bd37f1a-836e-4ba5-af00-a4d40c4b1c2c
Akumulator,14,100,3c542d2d-e1d7-4685-86d3-6b45ea5298f3,2bba6056-4682-420e-82dc-19a32e4c0cd5
Akumulator,22,150,32a7de6b-ff3d-42e2-8334-d23c72330790,2bba6056-4682-420e-82dc-19a32e4c0cd5
Akumulator,33,160,b9cf1876-7c63-4483-9f03-2ab9dc0a7b0d,2bba6056-4682-420e-82dc-19a32e4c0cd5
Akumulator,13,200,44d852f9-1653-4ca6-b3df-245a2463de36,2bba6056-4682-420e-82dc-19a32e4c0cd5
Filtar ulja,55,50,3c542d2d-e1d7-4685-86d3-6b45ea5298f3,3185cecc-903a-4310-8c72-bb73218348d9
Filtar ulja,44,60,32a7de6b-ff3d-42e2-8334-d23c72330790,3185cecc-903a-4310-8c72-bb73218348d9
Filtar ulja,33,70,b9cf1876-7c63-4483-9f03-2ab9dc0a7b0d,3185cecc-903a-4310-8c72-bb73218348d9
Filtar ulja,35,80,b9cf1876-7c63-4483-9f03-2ab9dc0a7b0d,3185cecc-903a-4310-8c72-bb73218348d9
Filtar ulja,23,80,44d852f9-1653-4ca6-b3df-245a2463de36,3185cecc-903a-4310-8c72-bb73218348d9
2.8i,4,100000,32a7de6b-ff3d-42e2-8334-d23c72330790,d7ecdcd9-830c-4452-ad68-447cdddc8359
1.9tdi,8,10,3c542d2d-e1d7-4685-86d3-6b45ea5298f3,d7ecdcd9-830c-4452-ad68-447cdddc8359
2.0tdi,16,500,44d852f9-1653-4ca6-b3df-245a2463de36,d7ecdcd9-830c-4452-ad68-447cdddc8359
3.0i,12,800,32a7de6b-ff3d-42e2-8334-d23c72330790,d7ecdcd9-830c-4452-ad68-447cdddc8359
350cdi,5,800,b9cf1876-7c63-4483-9f03-2ab9dc0a7b0d,d7ecdcd9-830c-4452-ad68-447cdddc8359